{
    "deltaE_mean": 4.032675067410994,
    "deltaE_median": 3.318840078144576,
    "deltaE_values": [
        3.7768220036930313,
        6.39904247801018,
        4.291585170733288,
        1.9869881369170512,
        2.5647793061705118
    ]
}